task,rank,run,team,P,R,F1,avg_set_size,log_dist_from_gold
T1,1,submission_2,NOWJ,0.4235,0.4206,0.422,4.35,0.007
T1,2,submission_3,NOWJ,0.414,0.4263,0.42,4.5,0.029
T1,3,random_forest,JNLP,0.4341,0.3931,0.4126,3.96,0.099
T1,4,ensemble,JNLP,0.4174,0.3914,0.404,4.1,0.064
T1,5,xgboost,JNLP,0.4059,0.3943,0.4,4.25,0.029
T1,6,submission_1,NOWJ,0.3772,0.3994,0.388,4.63,0.057
T1,7,submission_sil2,SIL,0.4186,0.36,0.3871,3.76,0.151
T1,8,submission_sil1,SIL,0.3856,0.3766,0.381,4.27,0.024
T1,9,task_1_mezzanino,mezza,0.3161,0.3429,0.3289,4.75,0.081
T1,10,3.intit_bm25_year,INTIT,0.3249,0.3086,0.3165,4.16,0.051
T1,11,du3,DU,0.2945,0.3366,0.3141,5.0,0.134
T1,12,du2,DU,0.294,0.336,0.3136,5.0,0.134
T1,13,1.intit_bm25_pys,INTIT,0.3309,0.2851,0.3063,3.77,0.149
T1,14,du1,DU,0.2845,0.3251,0.3035,5.0,0.133
T1,15,task1_flnlpltr,FLNLP,0.2619,0.3337,0.2935,5.57,0.242
T1,16,2.intit_bm25_judge,INTIT,0.3147,0.2611,0.2854,3.63,0.187
T1,17,task1_flnlpembed,FLNLP,0.254,0.2903,0.2709,5.0,0.134
T1,18,ua_run3,UA,0.2038,0.3851,0.2666,8.27,0.636
T1,19,ua_run2,UA,0.2056,0.3714,0.2647,7.9,0.591
T1,20,ucdcs3,UCD-CS,0.248,0.2834,0.2645,5.0,0.133
T1,21,ucdcs1,UCD-CS,0.2131,0.3354,0.2607,6.89,0.454
T1,22,ua_run1,UA,0.2114,0.3297,0.2576,6.82,0.444
T1,23,ucdcs2,UCD-CS,0.2405,0.2749,0.2565,5.0,0.134
T1,24,task1_run2_results,JUNLLP,0.2193,0.2977,0.2525,5.94,0.306
T1,25,task1_run1_results,JUNLLP,0.2369,0.268,0.2515,4.95,0.123
T1,26,task1_flnlpbm25,FLNLP,0.234,0.2674,0.2496,5.0,0.133
T1,27,task1_run3_results,JUNLLP,0.2002,0.3171,0.2455,6.93,0.46
T1,28,task-1-ualbany,74688,0.213,0.2611,0.2346,5.36,0.204
T1,29,run1,UB2026,0.2338,0.2137,0.2233,4.0,0.09
T1,30,sach_task1_run2,Sach,0.1631,0.3531,0.2231,9.47,0.772
T1,31,sach_task1_run1,Sach,0.1683,0.3177,0.22,8.26,0.635
T1,32,bjpwh3,BJPWH,0.151,0.3451,0.2101,10.0,0.827
T1,33,bjpwh2,BJPWH,0.15,0.3429,0.2087,10.0,0.827
T1,34,run2,UB2026,0.2006,0.1834,0.1916,4.0,0.09
T1,35,run2recall,ABAI,0.1596,0.1989,0.1771,5.45,0.22
T1,36,run1balanced,ABAI,0.1945,0.1463,0.167,3.29,0.285
T1,37,task1_aiirqwen,AIIRLab,0.2642,0.1063,0.1516,1.76,0.91
T1,38,bosch_task1_run,bosch,0.0892,0.4103,0.1466,20.12,1.526
T1,39,task1_submission_v9,KeioAndrewShin,0.1527,0.1263,0.1383,3.62,0.19
T1,40,task1_submission_v8,KeioAndrewShin,0.115,0.1531,0.1314,5.82,0.286
T1,41,run3precis,ABAI,0.22,0.0931,0.1309,1.85,0.86
T1,42,task1_submission_v7,KeioAndrewShin,0.1544,0.1046,0.1247,2.96,0.389
T1,43,bjpwh1,BJPWH,0.087,0.1937,0.1201,9.74,0.8
T1,44,task1_aiirparanemo,AIIRLab,0.1055,0.1206,0.1125,5.0,0.134
T2,1,task2_run2,IAI,0.4501,0.5374,0.4899,3.51,0.177
T2,2,task2_aiirfusion3,AIIRLab,0.512,0.4354,0.4706,2.5,0.162
T2,3,submission (3),JNLP,0.4174,0.4898,0.4507,3.45,0.16
T2,4,task2_run3,IAI,0.4769,0.4218,0.4477,2.6,0.123
T2,5,submission (2),JNLP,0.3879,0.5238,0.4457,3.97,0.3
T2,6,nowj003,NOWJ,0.7037,0.3231,0.4429,1.35,0.778
T2,7,task2_run1,IAI,0.4877,0.4048,0.4424,2.44,0.186
T2,8,task2_aiirfusion2,AIIRLab,0.4257,0.4286,0.4271,2.96,0.007
T2,9,result_run1_ua,UA,0.4711,0.3878,0.4254,2.42,0.195
T2,10,submission (1),JNLP,0.3381,0.568,0.4239,4.94,0.519
T2,11,nowj002,NOWJ,0.7034,0.2823,0.4029,1.18,0.913
T2,12,submission (1),JUNLLP,0.6721,0.2789,0.3942,1.22,0.88
T2,13,submission (2),JUNLLP,0.6721,0.2789,0.3942,1.22,0.88
T2,14,bosch_task_2_submission (1),bosch,0.39,0.398,0.3939,3.0,0.02
T2,15,task2_clsop3d,ClaUSurf,0.6357,0.2789,0.3877,1.29,0.824
T2,16,bosch_task_2_submission (2),bosch,0.2634,0.6871,0.3808,7.67,0.959
T2,17,task2_cls4b27bp11,ClaUSurf,0.74,0.2517,0.3756,1.0,1.078
T2,18,nowj001,NOWJ,0.7604,0.2483,0.3744,0.96,1.119
T2,19,task2_clsp2d,ClaUSurf,0.6525,0.2619,0.3738,1.18,0.913
T2,20,result_run2_ua,UA,0.5882,0.2721,0.3721,1.36,0.771
T2,21,result_run3_ua,UA,0.3592,0.3469,0.3529,2.84,0.035
T2,22,task2_du3,DU,0.6907,0.2279,0.3427,0.97,1.109
T2,23,task2_du2,DU,0.7529,0.2177,0.3377,0.85,1.241
T2,24,task2_aiirdeberta,AIIRLab,0.575,0.2347,0.3333,1.2,0.896
T2,25,ualbanyllm,74688,0.65,0.2211,0.3299,1.0,1.078
T2,26,task2_du1,DU,0.6632,0.2143,0.3239,0.95,1.13
T2,27,task2_submission_uottawanii2,KeioAndrewShin,0.4795,0.2381,0.3182,1.46,0.7
T2,28,task2_submission_uottawanii3,KeioAndrewShin,0.46,0.2347,0.3108,1.5,0.673
T2,29,task2_submission,CityUMO,0.6,0.2041,0.3046,1.0,1.078
T2,30,ualbanybm25,74688,0.52,0.1769,0.264,1.0,1.078
T2,31,task2_submission_uottawanii1,KeioAndrewShin,0.4275,0.1905,0.2635,1.31,0.808
T2,32,sach_task2_run1,Sach,0.3929,0.1497,0.2167,1.12,0.965
